penetration_length_m,qc_MPa,depth_m,fs_MPa
0.1,1.37,0.1,0.037
0.12,1.685,0.12,0.041
0.14,1.96,0.14,0.045
0.16,2.146,0.16,0.05
0.18,2.236,0.18,0.055
0.2,2.262,0.2,0.059
0.22,2.219,0.22,0.06
0.24,2.116,0.24,0.062
0.26,1.949,0.26,0.064
0.28,1.875,0.28,0.066
0.3,1.847,0.3,0.067
0.32,1.886,0.32,0.066
0.34,1.989,0.34,0.065
0.36,2.123,0.36,0.066
0.38,2.215,0.38,0.067
0.4,2.3,0.4,0.068
0.42,2.404,0.42,0.069
0.44,2.511,0.44,0.071
0.46,2.554,0.46,0.075
0.48,2.416,0.48,0.078
0.5,2.229,0.5,0.077
0.52,2.114,0.52,0.073
0.54,2.156,0.54,0.069
0.56,2.397,0.56,0.065
0.58,2.689,0.58,0.061
0.6,3.273,0.6,0.056
0.62,3.399,0.62,0.052
0.64,3.258,0.64,0.047
0.66,2.991,0.66,0.044
0.68,2.757,0.68,0.045
0.7,2.453,0.7,0.045
0.72,2.041,0.72,0.045
0.74,1.719,0.74,0.044
0.76,1.453,0.76,0.042
0.78,1.237,0.78,0.039
0.8,1.077,0.8,0.035
0.82,0.945,0.82,0.032
0.84,0.818,0.84,0.029
0.86,0.69,0.86,0.026
0.88,0.577,0.88,0.023
0.9,0.497,0.9,0.02
0.92,0.444,0.92,0.018
0.94,0.412,0.94,0.015
0.96,0.42,0.96,0.014
0.98,0.444,0.98,0.016
1,0.468,1,0.018
1.02,0.493,1.02,0.018
1.04,0.517,1.04,0.017
1.06,0.571,1.06,0.017
1.08,0.639,1.08,0.018
1.1,0.698,1.1,0.02
1.12,0.728,1.12,0.02
1.14,0.743,1.14,0.016
1.16,0.864,1.16,0.013
1.18,1.027,1.18,0.012
1.2,0.998,1.2,0.012
1.22,0.828,1.22,0.012
1.24,0.617,1.24,0.012
1.26,0.479,1.26,0.012
1.28,0.395,1.28,0.012
1.3,0.34,1.3,0.012
1.32,0.298,1.32,0.012
1.34,0.268,1.34,0.011
1.36,0.248,1.36,0.01
1.38,0.242,1.38,0.01
1.4,0.286,1.4,0.01
1.42,0.358,1.42,0.01
1.44,0.417,1.44,0.01
1.46,0.433,1.46,0.011
1.48,0.41,1.48,0.013
1.5,0.407,1.5,0.014
1.52,0.403,1.52,0.015
1.54,0.422,1.54,0.014
1.56,0.456,1.56,0.013
1.58,0.482,1.58,0.013
1.6,0.498,1.6,0.013
1.62,0.487,1.62,0.014
1.64,0.452,1.64,0.015
1.66,0.436,1.66,0.015
1.68,0.478,1.68,0.013
1.7,0.576,1.7,0.012
1.72,0.708,1.72,0.013
1.74,0.704,1.74,0.014
1.76,0.628,1.76,0.013
1.78,0.589,1.78,0.013
1.8,0.602,1.8,0.014
1.82,0.6,1.82,0.015
1.84,0.576,1.84,0.015
1.86,0.556,1.86,0.014
1.88,0.577,1.88,0.013
1.9,0.661,1.9,0.013
1.92,0.766,1.92,0.012
1.94,0.66,1.94,0.011
1.96,0.605,1.96,0.011
1.98,0.553,1.98,0.012
2,0.501,2,0.012
2.02,0.449,2.02,0.013
2.04,0.397,2.04,0.013
2.06,0.377,2.06,0.013
2.08,0.365,2.08,0.013
2.1,0.352,2.1,0.012
2.12,0.339,2.12,0.012
2.14,0.329,2.14,0.012
2.16,0.314,2.16,0.012
2.18,0.303,2.18,0.012
2.2,0.295,2.2,0.011
2.22,0.29,2.22,0.012
2.24,0.289,2.24,0.013
2.26,0.294,2.26,0.014
2.28,0.31,2.28,0.015
2.3,0.323,2.3,0.015
2.32,0.322,2.32,0.016
2.34,0.31,2.34,0.017
2.36,0.304,2.36,0.018
2.38,0.309,2.38,0.018
2.4,0.309,2.4,0.017
2.42,0.302,2.42,0.017
2.44,0.293,2.44,0.017
2.46,0.291,2.46,0.017
2.48,0.293,2.48,0.017
2.5,0.29,2.5,0.017
2.52,0.289,2.52,0.016
2.54,0.29,2.54,0.016
2.56,0.291,2.56,0.016
2.58,0.295,2.58,0.016
2.6,0.299,2.6,0.016
2.62,0.299,2.62,0.017
2.64,0.305,2.64,0.019
2.66,0.317,2.66,0.02
2.68,0.331,2.68,0.021
2.7,0.347,2.7,0.023
2.72,0.341,2.72,0.024
2.74,0.329,2.74,0.025
2.76,0.318,2.76,0.025
2.78,0.307,2.78,0.025
2.8,0.294,2.8,0.025
2.82,0.291,2.82,0.025
2.84,0.285,2.84,0.024
2.86,0.278,2.86,0.024
2.88,0.272,2.88,0.025
2.9,0.271,2.9,0.025
2.92,0.273,2.92,0.026
2.94,0.274,2.94,0.026
2.96,0.272,2.96,0.026
2.98,0.269,2.98,0.025
3,0.266,3,0.025
3.02,0.263,3.02,0.024
3.04,0.26,3.04,0.023
3.06,0.254,3.06,0.023
3.08,0.251,3.08,0.022
3.1,0.252,3.1,0.022
3.12,0.254,3.12,0.022
3.14,0.252,3.14,0.022
3.16,0.256,3.16,0.022
3.18,0.256,3.18,0.022
3.2,0.258,3.2,0.022
3.22,0.262,3.22,0.022
3.24,0.265,3.24,0.023
3.26,0.273,3.26,0.024
3.28,0.282,3.28,0.024
3.3,0.289,3.3,0.025
3.32,0.293,3.32,0.026
3.34,0.297,3.34,0.027
3.36,0.303,3.36,0.028
3.38,0.311,3.38,0.029
3.4,0.322,3.4,0.029
3.42,0.333,3.42,0.029
3.44,0.34,3.44,0.029
3.46,0.338,3.46,0.029
3.48,0.333,3.48,0.029
3.5,0.329,3.5,0.028
3.52,0.316,3.52,0.028
3.54,0.3,3.54,0.027
3.56,0.287,3.56,0.026
3.58,0.28,3.58,0.025
3.6,0.283,3.6,0.025
3.62,0.302,3.62,0.025
3.64,0.347,3.64,0.024
3.66,0.427,3.66,0.023
3.68,0.538,3.68,0.022
3.7,0.646,3.7,0.021
3.72,0.687,3.72,0.022
3.74,0.693,3.74,0.023
3.76,0.698,3.76,0.023
3.78,0.753,3.78,0.023
3.8,0.901,3.8,0.021
3.82,1.119,3.82,0.018
3.84,1.356,3.84,0.016
3.86,1.596,3.86,0.014
3.88,1.817,3.88,0.015
3.9,1.99,3.9,0.015
3.92,2.101,3.92,0.016
3.94,2.21,3.94,0.017
3.96,2.353,3.96,0.018
3.98,2.504,3.98,0.02
4,2.656,4,0.021
4.02,2.807,4.02,0.021
4.04,2.987,4.04,0.022
4.06,3.233,4.06,0.024
4.08,3.571,4.08,0.025
4.1,3.9,4.1,0.027
4.12,4.207,4.12,0.029
4.14,4.487,4.14,0.031
4.16,4.76,4.16,0.033
4.18,5.081,4.18,0.035
4.2,5.382,4.2,0.037
4.22,5.647,4.22,0.039
4.24,5.917,4.24,0.041
4.26,6.19,4.26,0.043
4.28,6.439,4.28,0.045
4.3,6.653,4.3,0.047
4.32,6.941,4.32,0.048
4.34,7.221,4.34,0.05
4.36,7.488,4.36,0.052
4.38,7.723,4.38,0.053
4.4,7.899,4.4,0.055
4.42,8.096,4.42,0.057
4.44,8.274,4.44,0.059
4.46,8.442,4.46,0.06
4.48,8.592,4.48,0.062
4.5,8.732,4.5,0.064
4.52,8.898,4.52,0.065
4.54,9.102,4.54,0.067
4.56,9.295,4.56,0.069
4.58,9.468,4.58,0.071
4.6,9.623,4.6,0.072
4.62,9.772,4.62,0.074
4.64,9.941,4.64,0.076
4.66,10.12,4.66,0.077
4.68,10.318,4.68,0.078
4.7,10.547,4.7,0.079
4.72,10.776,4.72,0.08
4.74,10.996,4.74,0.081
4.76,11.202,4.76,0.082
4.78,11.336,4.78,0.084
4.8,11.454,4.8,0.086
4.82,11.496,4.82,0.087
4.84,11.513,4.84,0.088
4.86,11.548,4.86,0.089
4.88,11.624,4.88,0.086
4.9,11.712,4.9,0.082
4.92,11.797,4.92,0.077
4.94,11.815,4.94,0.073
4.96,11.753,4.96,0.078
4.98,11.637,4.98,0.082
5,11.52,5,0.085
5.02,11.404,5.02,0.088
5.04,11.476,5.04,0.09
5.06,11.606,5.06,0.092
5.08,11.646,5.08,0.093
5.1,11.635,5.1,0.094
5.12,11.598,5.12,0.094
5.14,11.585,5.14,0.094
5.16,11.558,5.16,0.094
5.18,11.5,5.18,0.094
5.2,11.4,5.2,0.093
5.22,11.299,5.22,0.093
5.24,11.161,5.24,0.092
5.26,11.053,5.26,0.091
5.28,10.958,5.28,0.09
5.3,10.853,5.3,0.089
5.32,10.726,5.32,0.088
5.34,10.603,5.34,0.086
5.36,10.576,5.36,0.085
5.38,10.605,5.38,0.085
5.4,10.638,5.4,0.084
5.42,10.658,5.42,0.085
5.44,10.665,5.44,0.085
5.46,10.684,5.46,0.085
5.48,10.728,5.48,0.085
5.5,10.719,5.5,0.085
5.52,10.654,5.52,0.085
5.54,10.546,5.54,0.086
5.56,10.434,5.56,0.086
5.58,10.304,5.58,0.087
5.6,10.157,5.6,0.087
5.62,9.978,5.62,0.087
5.64,9.768,5.64,0.086
5.66,9.53,5.66,0.084
5.68,9.26,5.68,0.083
5.7,8.959,5.7,0.08
5.72,8.608,5.72,0.078
5.74,8.275,5.74,0.076
5.76,7.989,5.76,0.073
5.78,7.775,5.78,0.07
5.8,7.648,5.8,0.066
5.82,7.542,5.82,0.064
5.84,7.508,5.84,0.062
5.86,7.634,5.86,0.061
5.88,7.985,5.88,0.059
5.9,8.446,5.9,0.058
5.92,8.819,5.92,0.056
5.94,8.944,5.94,0.055
5.96,9.043,5.96,0.056
5.98,9.141,5.98,0.059
6,9.239,6,0.062
6.02,9.337,6.02,0.065
6.04,9.427,6.04,0.069
6.06,9.482,6.06,0.073
6.08,9.467,6.08,0.077
6.1,9.425,6.1,0.08
6.12,9.43,6.12,0.082
6.14,9.49,6.14,0.082
6.16,9.578,6.16,0.081
6.18,9.623,6.18,0.08
6.2,9.666,6.2,0.077
6.22,9.729,6.22,0.075
6.24,9.827,6.24,0.074
6.26,9.942,6.26,0.074
6.28,10.061,6.28,0.075
6.3,10.223,6.3,0.077
6.32,10.337,6.32,0.08
6.34,10.42,6.34,0.082
6.36,10.443,6.36,0.084
6.38,10.417,6.38,0.085
6.4,10.361,6.4,0.085
6.42,10.278,6.42,0.085
6.44,10.225,6.44,0.085
6.46,10.213,6.46,0.085
6.48,10.245,6.48,0.084
6.5,10.331,6.5,0.083
6.52,10.442,6.52,0.083
6.54,10.528,6.54,0.086
6.56,10.639,6.56,0.089
6.58,10.861,6.58,0.092
6.6,11.177,6.6,0.094
6.62,11.5,6.62,0.096
6.64,11.772,6.64,0.098
6.66,12.006,6.66,0.098
6.68,12.293,6.68,0.098
6.7,12.531,6.7,0.095
6.72,12.704,6.72,0.097
6.74,12.886,6.74,0.103
6.76,13.169,6.76,0.107
6.78,13.719,6.78,0.108
6.8,14.1,6.8,0.108
6.82,14.296,6.82,0.113
6.84,14.423,6.84,0.112
6.86,14.618,6.86,0.11
6.88,14.908,6.88,0.109
6.9,15.083,6.9,0.108
6.92,15.386,6.92,0.106
6.94,15.744,6.94,0.105
6.96,16.02,6.96,0.103
6.98,16.12,6.98,0.102
7,16.043,7,0.103
7.02,15.966,7.02,0.107
7.04,15.888,7.04,0.109
7.06,15.811,7.06,0.111
7.08,15.764,7.08,0.113
7.1,15.885,7.1,0.115
7.12,15.813,7.12,0.116
7.14,15.544,7.14,0.117
7.16,15.13,7.16,0.116
7.18,14.731,7.18,0.114
7.2,14.568,7.2,0.112
7.22,14.528,7.22,0.109
7.24,14.295,7.24,0.106
7.26,13.95,7.26,0.105
7.28,13.598,7.28,0.105
7.3,13.358,7.3,0.103
7.32,13.22,7.32,0.102
7.34,13.108,7.34,0.1
7.36,13.051,7.36,0.099
7.38,13.026,7.38,0.098
7.4,12.993,7.4,0.097
7.42,12.942,7.42,0.097
7.44,12.851,7.44,0.099
7.46,12.752,7.46,0.101
7.48,12.637,7.48,0.1
7.5,12.486,7.5,0.098
7.52,12.287,7.52,0.097
7.54,12.069,7.54,0.095
7.56,11.778,7.56,0.092
7.58,11.45,7.58,0.09
7.6,11.088,7.6,0.089
7.62,10.704,7.62,0.088
7.64,10.337,7.64,0.087
7.66,9.951,7.66,0.085
7.68,9.616,7.68,0.082
7.7,9.278,7.7,0.079
7.72,8.941,7.72,0.076
7.74,8.625,7.74,0.072
7.76,8.307,7.76,0.068
7.78,7.991,7.78,0.064
7.8,7.575,7.8,0.06
7.82,7.163,7.82,0.056
7.84,6.843,7.84,0.052
7.86,6.601,7.86,0.047
7.88,6.522,7.88,0.043
7.9,6.534,7.9,0.04
7.92,6.647,7.92,0.039
7.94,6.796,7.94,0.038
7.96,6.907,7.96,0.037
7.98,6.962,7.98,0.035
8,6.868,8,0.035
8.02,6.756,8.02,0.035
8.04,6.645,8.03,0.036
8.06,6.534,8.05,0.036
8.08,6.423,8.07,0.038
8.1,6.281,8.09,0.039
8.12,6.113,8.11,0.04
8.14,5.929,8.13,0.042
8.16,5.713,8.15,0.041
8.18,5.484,8.17,0.04
8.2,5.321,8.19,0.039
8.22,5.006,8.21,0.037
8.24,4.711,8.23,0.034
8.26,4.37,8.25,0.033
8.28,3.979,8.27,0.03
8.3,3.68,8.29,0.028
8.32,3.255,8.31,0.026
8.34,2.716,8.33,0.027
8.36,2.123,8.35,0.031
8.38,1.561,8.37,0.029
8.4,1.144,8.39,0.025
8.42,0.995,8.41,0.021
8.44,1.641,8.43,0.02
8.46,2.76,8.45,0.02
8.48,3.732,8.47,0.021
8.5,4.195,8.49,0.022
8.52,4.332,8.51,0.024
8.54,4.298,8.53,0.025
8.56,4.192,8.55,0.025
8.58,4.036,8.57,0.026
8.6,3.843,8.59,0.027
8.62,3.619,8.61,0.027
8.64,3.4,8.63,0.027
8.66,3.175,8.65,0.026
8.68,3.016,8.67,0.026
8.7,2.905,8.69,0.025
8.72,2.824,8.71,0.024
8.74,2.754,8.73,0.023
8.76,2.711,8.75,0.023
8.78,2.711,8.77,0.022
8.8,2.739,8.79,0.022
8.82,2.807,8.81,0.022
8.84,2.916,8.83,0.022
8.86,3.109,8.85,0.022
8.88,3.372,8.87,0.023
8.9,3.703,8.89,0.024
8.92,4.022,8.91,0.024
8.94,4.273,8.93,0.024
8.96,4.438,8.95,0.025
8.98,4.478,8.97,0.025
9,4.356,8.99,0.026
9.02,4.193,9.01,0.028
9.04,4.03,9.03,0.029
9.06,3.867,9.05,0.03
9.08,3.704,9.07,0.03
9.1,3.516,9.09,0.029
9.12,3.269,9.11,0.029
9.14,2.988,9.13,0.028
9.16,2.723,9.15,0.026
9.18,2.442,9.17,0.025
9.2,2.269,9.19,0.023
9.22,2.1,9.21,0.021
9.24,1.954,9.23,0.02
9.26,1.828,9.25,0.019
9.28,1.701,9.27,0.018
9.3,1.609,9.29,0.016
9.32,1.526,9.31,0.015
9.34,1.46,9.33,0.015
9.36,1.404,9.35,0.014
9.38,1.35,9.37,0.014
9.4,1.309,9.39,0.013
9.42,1.274,9.41,0.013
9.44,1.24,9.43,0.013
9.46,1.211,9.45,0.013
9.48,1.189,9.47,0.013
9.5,1.175,9.49,0.012
9.52,1.179,9.51,0.012
9.54,1.188,9.53,0.013
9.56,1.202,9.55,0.013
9.58,1.218,9.57,0.013
9.6,1.233,9.59,0.013
9.62,1.238,9.61,0.013
9.64,1.226,9.63,0.013
9.66,1.212,9.65,0.013
9.68,1.208,9.67,0.013
9.7,1.226,9.69,0.014
9.72,1.279,9.71,0.015
9.74,1.414,9.73,0.016
9.76,1.694,9.75,0.017
9.78,2.069,9.77,0.017
9.8,2.366,9.79,0.018
9.82,2.508,9.81,0.019
9.84,2.573,9.83,0.02
9.86,2.638,9.85,0.02
9.88,2.727,9.87,0.021
9.9,2.839,9.89,0.022
9.92,2.972,9.91,0.023
9.94,3.11,9.93,0.023
9.96,3.235,9.95,0.023
9.98,3.392,9.97,0.023
10,3.537,9.99,0.023
10.02,3.67,10.01,0.025
10.04,3.796,10.03,0.027
10.06,3.922,10.05,0.029
10.08,4.048,10.07,0.031
10.1,4.168,10.09,0.032
10.12,4.286,10.11,0.033
10.14,4.402,10.13,0.034
10.16,4.501,10.15,0.035
10.18,4.613,10.17,0.036
10.2,4.749,10.19,0.037
10.22,4.931,10.21,0.038
10.24,5.154,10.23,0.038
10.26,5.395,10.25,0.039
10.28,5.695,10.27,0.04
10.3,6.059,10.29,0.042
10.32,6.595,10.31,0.045
10.34,7.247,10.33,0.047
10.36,7.976,10.35,0.05
10.38,8.781,10.37,0.054
10.4,9.225,10.39,0.058
10.42,9.524,10.41,0.063
10.44,9.7,10.43,0.067
10.46,9.77,10.45,0.069
10.48,9.709,10.47,0.073
10.5,9.559,10.49,0.075
10.52,9.516,10.51,0.077
10.54,9.498,10.53,0.079
10.56,9.411,10.55,0.08
10.58,9.205,10.57,0.078
10.6,8.909,10.59,0.077
10.62,8.527,10.61,0.075
10.64,8.179,10.63,0.072
10.66,7.795,10.65,0.07
10.68,7.426,10.67,0.067
10.7,7.112,10.69,0.063
10.72,6.847,10.71,0.06
10.74,6.651,10.73,0.057
10.76,6.478,10.75,0.054
10.78,6.341,10.77,0.051
10.8,6.234,10.79,0.049
10.82,6.145,10.81,0.047
10.84,6.084,10.83,0.046
10.86,6.044,10.85,0.045
10.88,6.011,10.87,0.045
10.9,5.934,10.89,0.045
10.92,5.762,10.91,0.044
10.94,5.549,10.93,0.042
10.96,5.416,10.95,0.041
10.98,5.337,10.97,0.04
11,5.192,10.99,0.039
11.02,4.969,11.01,0.039
11.04,4.747,11.03,0.038
11.06,4.525,11.05,0.037
11.08,4.302,11.07,0.037
11.1,4.11,11.09,0.036
11.12,3.98,11.11,0.035
11.14,3.911,11.13,0.033
11.16,3.883,11.15,0.031
11.18,3.938,11.17,0.029
11.2,4.087,11.19,0.028
11.22,4.318,11.21,0.028
11.24,4.585,11.23,0.029
11.26,4.823,11.25,0.03
11.28,4.951,11.27,0.031
11.3,4.919,11.29,0.033
11.32,4.832,11.31,0.035
11.34,4.704,11.33,0.036
11.36,4.544,11.35,0.037
11.38,4.314,11.37,0.036
11.4,4.119,11.39,0.036
11.42,3.972,11.41,0.035
11.44,3.91,11.43,0.034
11.46,3.931,11.45,0.033
11.48,4.036,11.47,0.032
11.5,4.149,11.49,0.032
11.52,4.21,11.51,0.031
11.54,4.233,11.53,0.031
11.56,4.217,11.55,0.031
11.58,4.143,11.57,0.031
11.6,4.026,11.59,0.031
11.62,3.922,11.61,0.032
11.64,3.863,11.63,0.032
11.66,3.824,11.65,0.032
11.68,3.809,11.67,0.031
11.7,3.821,11.69,0.031
11.72,3.838,11.71,0.03
11.74,3.885,11.73,0.03
11.76,3.974,11.75,0.03
11.78,4.094,11.77,0.031
11.8,4.213,11.79,0.031
11.82,4.291,11.81,0.032
11.84,4.313,11.83,0.032
11.86,4.257,11.85,0.033
11.88,4.164,11.87,0.033
11.9,4.055,11.89,0.032
11.92,3.955,11.91,0.031
11.94,3.886,11.93,0.03
11.96,3.84,11.95,0.029
11.98,3.937,11.97,0.029
12,4.07,11.99,0.028
12.02,4.202,12.01,0.028
12.04,4.334,12.03,0.03
12.06,4.467,12.05,0.032
12.08,4.599,12.07,0.035
12.1,4.948,12.09,0.038
12.12,5.27,12.11,0.04
12.14,5.563,12.13,0.043
12.16,5.786,12.15,0.046
12.18,5.898,12.17,0.048
12.2,5.941,12.19,0.049
12.22,5.977,12.21,0.05
12.24,6.001,12.23,0.05
12.26,6.006,12.25,0.051
12.28,5.996,12.26,0.051
12.3,5.955,12.28,0.051
12.32,5.819,12.3,0.05
12.34,5.604,12.32,0.049
12.36,5.381,12.34,0.048
12.38,5.218,12.36,0.048
12.4,5.122,12.38,0.047
12.42,5.066,12.4,0.046
12.44,4.953,12.42,0.044
12.46,4.775,12.44,0.042
12.48,4.535,12.46,0.041
12.5,4.251,12.48,0.04
12.52,3.998,12.5,0.039
12.54,3.78,12.52,0.037
12.56,3.616,12.54,0.035
12.58,3.491,12.56,0.033
12.6,3.404,12.58,0.031
12.62,3.361,12.6,0.03
12.64,3.368,12.62,0.029
12.66,3.446,12.64,0.028
12.68,3.631,12.66,0.028
12.7,3.936,12.68,0.03
12.72,4.312,12.7,0.031
12.74,4.769,12.72,0.033
12.76,5.125,12.74,0.035
12.78,5.411,12.76,0.038
12.8,5.653,12.78,0.042
12.82,5.895,12.8,0.046
12.84,6.149,12.82,0.049
12.86,6.327,12.84,0.051
12.88,6.319,12.86,0.052
12.9,6.209,12.88,0.051
12.92,6.103,12.9,0.049
12.94,6.069,12.92,0.048
12.96,6.122,12.94,0.046
12.98,6.499,12.96,0.05
13,6.894,12.98,0.053
13.02,7.289,13,0.056
13.04,7.683,13.02,0.058
13.06,8.055,13.04,0.063
13.08,8.38,13.06,0.064
13.1,8.653,13.08,0.067
13.12,9.101,13.1,0.069
13.14,9.566,13.12,0.07
13.16,10.148,13.14,0.071
13.18,10.805,13.16,0.073
13.2,11.428,13.18,0.076
13.22,12.159,13.2,0.079
13.24,12.875,13.22,0.08
13.26,13.495,13.24,0.082
13.28,14.01,13.26,0.086
13.3,14.474,13.28,0.088
13.32,14.942,13.3,0.092
13.34,15.242,13.32,0.097
13.36,15.387,13.34,0.102
13.38,15.242,13.36,0.105
13.4,14.896,13.38,0.108
13.42,14.398,13.4,0.107
13.44,13.86,13.42,0.106
13.46,13.222,13.44,0.106
13.48,12.887,13.46,0.105
13.5,12.785,13.48,0.103
13.52,12.944,13.5,0.101
13.54,13.318,13.52,0.099
13.56,13.969,13.54,0.097
13.58,14.385,13.56,0.101
13.6,14.458,13.58,0.109
13.62,14.257,13.6,0.1
13.64,13.94,13.62,0.102
13.66,13.659,13.64,0.102
13.68,12.771,13.66,0.1
13.7,12.329,13.68,0.099
13.72,12.31,13.7,0.096
13.74,12.48,13.72,0.091
13.76,12.672,13.74,0.087
13.78,12.955,13.76,0.082
13.8,13.517,13.78,0.077
13.82,14.262,13.8,0.077
13.84,15.162,13.82,0.083
13.86,16.045,13.84,0.081
13.88,16.701,13.86,0.082
13.9,17.449,13.88,0.084
13.92,17.346,13.9,0.086
13.94,16.998,13.92,0.088
13.96,16.438,13.94,0.09
13.98,15.771,13.96,0.092
14,15.105,13.98,0.097
14.02,14.439,14,0.093
14.04,13.773,14.02,0.091
14.06,13.106,14.04,0.092
14.08,12.697,14.06,0.093
14.1,12.596,14.08,0.097
14.12,12.756,14.1,0.1
14.14,13.205,14.12,0.102
14.16,13.785,14.14,0.106
14.18,14.373,14.16,0.113
14.2,14.784,14.18,0.121
14.22,15.116,14.2,0.13
14.24,15.482,14.22,0.138
14.26,15.953,14.24,0.145
14.28,16.304,14.26,0.154
14.3,16.465,14.28,0.163
14.32,16.563,14.3,0.17
14.34,16.632,14.32,0.174
14.36,16.658,14.34,0.178
14.38,16.618,14.36,0.179
14.4,16.651,14.38,0.179
14.42,16.629,14.4,0.176
14.44,16.551,14.42,0.17
14.46,16.505,14.44,0.163
14.48,16.568,14.46,0.157
14.5,16.807,14.48,0.152
14.52,17.097,14.5,0.145
14.54,17.358,14.52,0.136
14.56,17.39,14.54,0.128
14.58,17.176,14.56,0.123
14.6,16.731,14.58,0.115
14.62,16.281,14.6,0.11
14.64,16.072,14.62,0.108
14.66,16.186,14.64,0.109
14.68,16.586,14.66,0.113
14.7,17.111,14.68,0.12
14.72,17.447,14.7,0.124
14.74,17.456,14.72,0.125
14.76,17.312,14.74,0.124
14.78,17.16,14.76,0.125
14.8,17.142,14.78,0.124
14.82,17.346,14.8,0.123
14.84,17.668,14.82,0.123
14.86,17.755,14.84,0.124
14.88,17.829,14.86,0.126
14.9,17.704,14.88,0.129
14.92,17.266,14.9,0.131
14.94,16.427,14.92,0.131
14.96,15.695,14.94,
14.98,15.04,14.96,
15,14.237,14.98,
15.02,13.425,15,
15.03,12.916,15.01,
